pad_url;pad_naam;pad_slug;pad_lengte;pad_pdf_url
https://klompenpaden.nl/klompenpad/achterwooldsepad/;Achterwooldsepad;achterwooldsepad;18.04;https://klompenpaden.nl/wp-content/uploads/2020-09-23-Achterwooldsepad-liggend_200dpi-1.pdf
https://klompenpaden.nl/klompenpad/aderwinkelpad/;Aderwinkelpad;aderwinkelpad;13.32;https://klompenpaden.nl/wp-content/uploads/KaartAderwinkelpadWebversie.pdf
https://klompenpaden.nl/klompenpad/albapad/;Albapad;albapad;15.79;https://klompenpaden.nl/wp-content/uploads/2022-04-07-Albapad-A4-folder-600.pdf
https://klompenpaden.nl/klompenpad/alemschepad/;Alemschepad;alemschepad;8.86;https://klompenpaden.nl/wp-content/uploads/2017-05-09-Zandslagenpad_Alemschepad_600dpi.pdf
https://klompenpaden.nl/klompenpad/ambts-en-rijkspad/;Ambts- en Rijkspad;ambts-en-rijkspad;21.52;https://klompenpaden.nl/wp-content/uploads/2021-05-21-Ambts-en-Rijkspad_A4.pdf
https://klompenpaden.nl/klompenpad/appelpad/;Appelpad;appelpad;11.47;https://klompenpaden.nl/wp-content/uploads/2020-12-15-Appelpad_200dpi.pdf
https://klompenpaden.nl/klompenpad/assenradepad/;Assenradepad;assenradepad;12.38;https://klompenpaden.nl/wp-content/uploads/2022-05-03Assenradepad.pdf
https://klompenpaden.nl/klompenpad/avervoorderpad/;Avervoorderpad;avervoorderpad;14.47;https://klompenpaden.nl/wp-content/uploads/2021-06-08-Avervoorderpad.pdf
https://klompenpaden.nl/klompenpad/baanbrekerpad/;Baanbrekerpad;baanbrekerpad;13.96;https://klompenpaden.nl/wp-content/uploads/2021-12-23-Baanbrekerpad_200dpi.pdf
https://klompenpaden.nl/klompenpad/babborgapad/;Babborgapad;babborgapad;12.05;https://klompenpaden.nl/wp-content/uploads/2021-09-21_Babborgapad_200dpi.pdf
https://klompenpaden.nl/klompenpad/batouwepad/;Batouwepad;batouwepad;18.05;https://klompenpaden.nl/wp-content/uploads/2015-07-09-Batouwepad_Marspad_klein.pdf
https://klompenpaden.nl/klompenpad/beek-en-bultpad/;Beek- en Bultpad;beek-en-bultpad;13.44;https://klompenpaden.nl/wp-content/uploads/2021-02-22-Beek-en-Bultpad_200dpi-2.pdf
https://klompenpaden.nl/klompenpad/beekweidenpad/;Beekweidenpad;beekweidenpad;19.41;https://klompenpaden.nl/wp-content/uploads/2021-04-29_Beekweidenpad_200dpi.pdf
https://klompenpaden.nl/klompenpad/bekbergerpad/;Bekbergerpad;bekbergerpad;18.11;https://klompenpaden.nl/wp-content/uploads/2019-10-14_Bekbergerpad_600dpi.pdf
https://klompenpaden.nl/klompenpad/benedeneindsepad/;Benedeneindsepad;benedeneindsepad;12.55;https://klompenpaden.nl/wp-content/uploads/KIDS-klompenpaden-DEF-Downloadbestand-incl-instructie-pagina.pdf
https://klompenpaden.nl/klompenpad/benedeneindsepad-kids/;Benedeneindsepad kids;benedeneindsepad-kids;7.71;https://klompenpaden.nl/wp-content/uploads/Benedeneindsepad-KIDS-digitale-folder.pdf
https://klompenpaden.nl/klompenpad/beukenburgerpad/;Beukenburgerpad;beukenburgerpad;13.93;https://klompenpaden.nl/wp-content/uploads/Beukenburgerpad-web.pdf
https://klompenpaden.nl/klompenpad/bevermeersepad/;Bevermeersepad;bevermeersepad;10.13;https://klompenpaden.nl/wp-content/uploads/2020-12-07-Bevermeersepad-600dpi.pdf
https://klompenpaden.nl/klompenpad/boereneschpad/;Boereneschpad;boereneschpad;29.43;https://klompenpaden.nl/wp-content/uploads/2017-03-06-Boereneschpad_600dpi.pdf
https://klompenpaden.nl/klompenpad/breeschoterpad/;Breeschoterpad;breeschoterpad;6.3;https://klompenpaden.nl/wp-content/uploads/Breeschoterpad-digitale-folder.pdf
https://klompenpaden.nl/klompenpad/breukerengpad/;Breukerengpad;breukerengpad;7.27;https://klompenpaden.nl/wp-content/uploads/2018-02-28-Harsloerpad_600dpi-1.pdf
https://klompenpaden.nl/klompenpad/broekerpad/;Broekerpad;broekerpad;6.91;https://klompenpaden.nl/wp-content/uploads/195-broekerpad.pdf
https://klompenpaden.nl/klompenpad/cotlandenpad/;Cotlandenpad;cotlandenpad;13.18;https://klompenpaden.nl/wp-content/uploads/Cotlandenpad-digitale-folder.pdf
https://klompenpaden.nl/klompenpad/daatselaarsepad/;Daatselaarsepad;daatselaarsepad;11.08;https://klompenpaden.nl/wp-content/uploads/Daatselaarsepad-digitale-folder.pdf
https://klompenpaden.nl/klompenpan/dashorsterpad/;Dashorsterpad;dashorsterpad;12.59;https://klompenpaden.nl/wp-content/uploads/192-dashorsterpad.pdf
https://klompenpaden.nl/klompenpad/doddendaelpad/;Doddendaelpad;doddendaelpad;16.3;https://klompenpaden.nl/wp-content/uploads/2020-03-19-Doddendaelpad_600dpi.pdf
https://klompenpaden.nl/klompenpad/doesburgermolenpad/;Doesburgermolenpad;doesburgermolenpad;18.07;https://klompenpaden.nl/wp-content/uploads/2017-12-06-Doesburgermolenpad_600dpi.pdf
https://klompenpaden.nl/klompenpad/dorenweertsepad/;Dorenweertsepad;dorenweertsepad;18.23;https://klompenpaden.nl/wp-content/uploads/2020-04-21Dorenweertsepad_200dpi.pdf
https://klompenpaden.nl/klompenpad/eekterpad/;Eekterpad;eekterpad;10.97;https://klompenpaden.nl/wp-content/uploads/2020-10-15-Eekterpad_200dpi.pdf
https://klompenpaden.nl/klompenpad/eendenkooienpad/;Eendenkooienpad;eendenkooienpad;20.97;https://klompenpaden.nl/wp-content/uploads/Eendenkooienpad-routekaart-2020-2.pdf
;Eertbeekse beekpad;eertbeekse-beekpad;18.7;
https://klompenpaden.nl/klompenpad/eeskooterpad/;Eeskooterpad 2;eeskooterpad-2;14.83;https://klompenpaden.nl/wp-content/uploads/2018-02-14-Eeskooterpad_600dpi.pdf
;Eeskooterpad;eeskooterpad;6.9;
https://klompenpaden.nl/klompenpad/elsvoorderpad/;Elsvoorderpad;elsvoorderpad;15.36;https://klompenpaden.nl/wp-content/uploads/2021-02-01_Elsvoorderpad_200dpi.pdf
https://klompenpaden.nl/klompenpad/engelenburgerpad;Engelenburgerpad;engelenburgerpad;5.04;https://klompenpaden.nl/wp-content/uploads/Kaart-Engelenburgerpad.pdf
https://klompenpaden.nl/klompenpad/engelroderpad/;Engelroderpad;engelroderpad;30.36;https://klompenpaden.nl/wp-content/uploads/Engelroderpad-digfolder-LR-1.pdf
https://klompenpaden.nl/klompenpad/errekomsepad/;Errekomsepad;errekomsepad;19.44;https://klompenpaden.nl/wp-content/uploads/2021-03-18_Errekomsepad_200dpi.pdf
https://klompenpaden.nl/klompenpad/fliertpad/;Fliertpad;fliertpad;17.92;https://klompenpaden.nl/wp-content/uploads/2021-02-01_Fliertpad_600dpi.pdf
https://klompenpaden.nl/klompenpad/ganderpad/;Ganderpad;ganderpad;18.19;https://klompenpaden.nl/wp-content/uploads/2019-05-27-Ganderpad_600dpi.pdf
;Gerrit Achterbergpad;gerrit-achterbergpad;25.45;
https://klompenpaden.nl/klompenpad/glindhorsterpad/;Glindhorsterpad;glindhorsterpad;11.46;https://klompenpaden.nl/wp-content/uploads/2021-04-14_Glindhorsterpad_600dpi.pdf
https://klompenpaden.nl/klompenpad/goilberdingerpad/;Goilberdingerpad;goilberdingerpad;23.7;https://klompenpaden.nl/wp-content/uploads/2020-06-04-Goilberdingerpad_200dpi.pdf
https://klompenpaden.nl/klompenpad/graveslootpad/;Gravenslootpad;gravenslootpad;7.4;https://klompenpaden.nl/wp-content/uploads/Graveslootpad-digitale-folder.pdf
https://klompenpaden.nl/klompenpad/griezeveensepad/;Griezeveensepad;griezeveensepad;18.92;https://klompenpaden.nl/wp-content/uploads/2022-02-22_Griezeveensepad_A4-folder-600.pdf
https://klompenpaden.nl/klompenpad/grift-en-graftenpad/;Grift- en Graftenpad;grift-en-graftenpad;14.72;https://klompenpaden.nl/wp-content/uploads/Grift-en-Graftenpad-webversie.pdf
https://klompenpaden.nl/klompenpad/hamarithapad/;Hamarithapad;hamarithapad;16.24;https://klompenpaden.nl/wp-content/uploads/2021-12-23-Hamarithapad_200dpi.pdf
https://klompenpaden.nl/klompenpad/harscamperpad/;Harscamperpad;harscamperpad;14.97;https://klompenpaden.nl/wp-content/uploads/2020-6-15_Harscamperpad_200dpi.pdf
https://klompenpaden.nl/klompenpad/harsloerpad/;Harsloerpad;harsloerpad;14.45;https://klompenpaden.nl/wp-content/uploads/2021-03-31_Harsloerpad_200dpi.pdf
https://klompenpaden.nl/klompenpad/hartensepad/;Hartensepad;hartensepad;16.54;https://klompenpaden.nl/wp-content/uploads/Hartensepad-A4-folder-600.pdf
https://klompenpaden.nl/klompenpad/heuzesepad/;Heuzesepad;heuzesepad;16.14;https://klompenpaden.nl/wp-content/uploads/2022-09-22-Heuzesepad-A4-folder-600.pdf
https://klompenpaden.nl/klompenpad/hiensepad/;Hiensepad;hiensepad;18.12;https://klompenpaden.nl/wp-content/uploads/Hiensepad-digfolder-groot-LR.pdf
https://klompenpaden.nl/klompenpad/hoenwaardsepad/;Hoenwaardsepad;hoenwaardsepad;10.61;https://klompenpaden.nl/wp-content/uploads/2022-5-30_Hoenwaardsepad-A4-1.pdf
https://klompenpaden.nl/klompenpad/hoeverveldpad/;Hoeverveldpad;hoeverveldpad;22.06;https://klompenpaden.nl/wp-content/uploads/2022-05-03Hoeverveldpadkaart-tijdelijke-omleiding.pdf
https://klompenpaden.nl/klompenpad/holhorsterpad/;Holhorsterpad;holhorsterpad;14.06;https://klompenpaden.nl/wp-content/uploads/2016-03-30-Holhorsterpad_600dpi.pdf
https://klompenpaden.nl/klompenpad/horsthoekerpad/;Horsthoekerpad;horsthoekerpad;22.78;https://klompenpaden.nl/wp-content/uploads/19-7-2022_Horsthoekerpad200dpi-1.pdf
https://klompenpaden.nl/klompenpad/houtdijkenpad/;Houtdijkenpad;houtdijkenpad;13.21;https://klompenpaden.nl/wp-content/uploads/Houtdijkenpad-digitale-folder.pdf
https://klompenpaden.nl/klompenpad/huinerpad/;Huinerpad;huinerpad;21.36;https://klompenpaden.nl/wp-content/uploads/2017-11-27-Huinerpad_A4.pdf
https://klompenpaden.nl/klompenpad/husloapad/;Husloapad;husloapad;25.48;https://klompenpaden.nl/wp-content/uploads/2021-06-28_Husloapad_600dpi.pdf
https://klompenpaden.nl/klompenpad/jordenpad/;Jordenpad;jordenpad;23.68;https://klompenpaden.nl/wp-content/uploads/2021-12-23-Jordenpad_tmp_Dijkverzwaring_200dpi.pdf
https://klompenpaden.nl/klompenpad/jufferpad/;Jufferpad;jufferpad;17.66;https://klompenpaden.nl/wp-content/uploads/Jufferpad-webversie-2.pdf
https://klompenpaden.nl/klompenpad/kandiapad/;Kandiapad;kandiapad;20.11;https://klompenpaden.nl/wp-content/uploads/2021-06-28-Kandiapad_600dpi.pdf
https://klompenpaden.nl/klompenpad/klarenbeeksepad/;Klarenbeeksepad;klarenbeeksepad;16.44;https://klompenpaden.nl/wp-content/uploads/2020-11-09-Klarenbeeksepad_200dpi.pdf
https://klompenpaden.nl/klompenpad/klompenmakerspad/;Klompenmakerspad;klompenmakerspad;20.1;https://klompenpaden.nl/wp-content/uploads/2018-04-13-Klompenmakerspad_600dpi.pdf
https://klompenpaden.nl/klompenpad/kopermolenpad/;Kopermolenpad;kopermolenpad;13.62;https://klompenpaden.nl/wp-content/uploads/2016-07-13-Kopermolenpad_600dpi.pdf
https://klompenpaden.nl/klompenpad/kreelsepad/;Kreelsepad;kreelsepad;27.3;https://klompenpaden.nl/wp-content/uploads/2022-09-01-Kreelsepad-A4-folder-600.pdf
https://klompenpaden.nl/klompenpad/kruishaarderpad/;Kruishaarderpad;kruishaarderpad;18.43;https://klompenpaden.nl/wp-content/uploads/2020-05-04-Kruishaarderpad_200dpi.pdf
https://klompenpaden.nl/klompenpad/kuilenburgerpad/;Kuilenburgerpad;kuilenburgerpad;16.67;https://bit.ly/3jfmNGw
https://klompenpaden.nl/klompenpad/laaksepad/;Laaksepad;laaksepad;16.49;https://klompenpaden.nl/wp-content/uploads/2016-01-27-Laaksepad_600dpi.pdf
https://klompenpaden.nl/klompenpad/laaksepad-kids/;Laaksepad KIDS;laaksepad-kids;3;https://klompenpaden.nl/wp-content/uploads/Doeboekje-Laaksepad-KIDS.pdf
https://klompenpaden.nl/klompenpad/laorns-enkenpad/;Laorns Enkenpad;laorns-enkenpad;26.09;https://klompenpaden.nl/wp-content/uploads/Laorns-Enkenpad-Folder-LR.pdf
https://klompenpaden.nl/klompenpad/lauwsepad/;Lauwsepad;lauwsepad;17.25;https://klompenpaden.nl/wp-content/uploads/2015-05-21-Lauwsepad_600-dpi.pdf
https://klompenpaden.nl/klompenpad/leestensche-broekpad/;Leestensche broekpad;leestensche-broekpad;21.71;https://klompenpaden.nl/wp-content/uploads/2020-08-26-Leestensche-Broekpad_200dpi.pdf
https://klompenpaden.nl/klompenpad/leidschehoevenpad/;Leidschehoevenpad;leidschehoevenpad;20.8;https://klompenpaden.nl/wp-content/uploads/2021-12-23-Leidschehoevenpad_200dpi-1.pdf
https://klompenpaden.nl/klompenpad/leuvenschepad/;Leuvenschepad;leuvenschepad;17.92;https://klompenpaden.nl/wp-content/uploads/2018-12-05-Leuvenschepad_600dpi.pdf
https://klompenpaden.nl/klompenpad/lint-en-liniepad/;Lint- en Liniepad;lint-en-liniepad;9.76;https://klompenpaden.nl/wp-content/uploads/Lint-en-Liniepad-kaart-nieuw-10-04-2018.pdf
https://klompenpaden.nl/klompenpad/loenense-enkenpad/;Loenense Enkenpad;loenense-enkenpad;13.11;https://klompenpaden.nl/wp-content/uploads/2016-05-30-Loenense-Enkenpad_600dpi.pdf
https://klompenpaden.nl/klompenpad/loobrinkerpad/;Loobrinkerpad;loobrinkerpad;11.52;https://klompenpaden.nl/wp-content/uploads/2014-06-06_Loobrinkerpad_a4.pdf
https://klompenpaden.nl/klompenpad/Markluiderpad/;Markluiderpad;markluiderpad;16.13;https://klompenpaden.nl/wp-content/uploads/2018-06-04-Markluiderpad-met-alternatieve-route-A4.pdf
https://klompenpaden.nl/klompenpad/marspad/;Marspad;marspad;14.83;https://klompenpaden.nl/wp-content/uploads/2019-12-03-Batouwepad_Marspad_600dpi.pdf
https://klompenpaden.nl/klompenpad/meulunterenpad/;Meulunterenpad;meulunterenpad;27.26;https://klompenpaden.nl/wp-content/uploads/2017-02-17-Meulunterenpad3.pdf
https://klompenpaden.nl/klompenpad/moas-wetteringpad/;Moas-Wetteringpad;moas-wetteringpad;13.48;https://bit.ly/34RTAxZ
https://klompenpaden.nl/klompenpad/molenbeeksepad/;Molenbeeksepad;molenbeeksepad;21.07;https://klompenpaden.nl/wp-content/uploads/2022-04-14-Molenbeeksepad_A4-folder-600.pdf
https://klompenpaden.nl/klompenpad/nederrijnsepad/;Nederrijnsepad;nederrijnsepad;30.93;https://klompenpaden.nl/wp-content/uploads/Nederrijnsepad-A4-folder-600.pdf
https://klompenpaden.nl/klompenpad/nederwoudsepad/;Nederwoudsepad;nederwoudsepad;14.08;https://klompenpaden.nl/wp-content/uploads/2020-04-15-Nederwoudsepad_600dpi.pdf
https://klompenpaden.nl/klompenpad/nesserpad/;Nesserpad;nesserpad;13.87;https://klompenpaden.nl/wp-content/uploads/Nesserpad-AvdB-19-nov-gecentreerd_compressed-1.pdf
https://klompenpaden.nl/klompenpad/netelenburchpad/;Netelenburchpad;netelenburchpad;8.02;https://klompenpaden.nl/wp-content/uploads/Netelenburchpad-webversie-1.pdf
https://klompenpaden.nl/klompenpad/niebroekerpad/;Niebroekerpad;niebroekerpad;14.05;https://klompenpaden.nl/wp-content/uploads/12-03-2021_Nienbroekerpad.pdf
https://klompenpaden.nl/klompenpad/niebroekerpad-kids/;Nijbroek Kids;nijbroek-kids;3.2;https://klompenpaden.nl/wp-content/uploads/Doeboekje-Niebroekerpad-KIDS.pdf
https://klompenpaden.nl/klompenpad/norderpad/;Norderpad;norderpad;12.27;https://klompenpaden.nl/wp-content/uploads/2019-06-12_Norderpad.pdf
https://klompenpaden.nl/klompenpad/nudepad/;Nudepad;nudepad;11.82;https://klompenpaden.nl/wp-content/uploads/2021-07-22_Nudepad_600dpi-1.pdf
https://klompenpaden.nl/klompenpad/nywelepad/;Nywelepad;nywelepad;20.06;https://klompenpaden.nl/wp-content/uploads/2021-03-01-Nywelepad_200dpi.pdf
https://klompenpaden.nl/klompenpad/oldenallerpad/;Oldenallerpad;oldenallerpad;13.27;https://klompenpaden.nl/wp-content/uploads/2018-05-17-Oldenallerpad_600dpi_geknipt-EB.pdf
https://klompenpaden.nl/klompenpad/onderwaterpad-kids/;Onderwaterpad-Kids;onderwaterpad-kids;5.77;https://klompenpaden.nl/wp-content/uploads/Onderwaterpad-KIDS-digitale-folder.pdf
https://klompenpaden.nl/klompenpad/oudenhorsterpad/;Oudenhorsterpad;oudenhorsterpad;7.46;https://klompenpaden.nl/wp-content/uploads/221-oudenhorsterpad.pdf
;Overlangbroeksepad;overlangbroeksepad;13;
https://klompenpaden.nl/klompenpad/paddenpad/;Paddenpad;paddenpad;13.54;https://klompenpaden.nl/wp-content/uploads/2018-05-03_Paddenpad_nieuw.pdf
https://klompenpaden.nl/klompenpad/paradijspad/;Paradijspad;paradijspad;7.17;https://klompenpaden.nl/wp-content/uploads/Paradijspad-A4-200dpi.pdf
https://klompenpaden.nl/klompenpad/pelserpad/;Pelserpad;pelserpad;21.71;https://klompenpaden.nl/wp-content/uploads/2017-02-07-Pelserpad_nieuw_knip1-met-overstap.pdf
https://klompenpaden.nl/klompenpad/Plaggenstekerspad/;Plaggenstekerspad;plaggenstekerspad;12.47;https://klompenpaden.nl/wp-content/uploads/2017-03-16-Plaggenstekerspad_600dpi-1.pdf
https://klompenpaden.nl/klompenpad/reckense-markepad/;Reckensche Markepad;reckensche-markepad;20.87;https://bit.ly/3h5YF9T
https://klompenpaden.nl/klompenpad/rhenoijschepad/;Rhenoijschepad;rhenoijschepad;16.51;https://klompenpaden.nl/wp-content/uploads/2016-11-04-Rhenoijschepad_600dpi.pdf
https://klompenpaden.nl/klompenpad/rijnstrangenpad/;Rijnstrangenpad;rijnstrangenpad;15.97;https://klompenpaden.nl/wp-content/uploads/2022-02-22_Rijnstrangenpad_A4-folder-600.pdf
https://klompenpaden.nl/klompenpad/rijnweidepad/;Rijnweidepad;rijnweidepad;13.72;https://klompenpaden.nl/wp-content/uploads/2021-06-08-Rijnweidepad_600dpi.pdf
https://klompenpaden.nl/klompenpad/rosandepad/;Rosandepad;rosandepad;14.42;https://klompenpaden.nl/wp-content/uploads/2018-05-04-Rosandepad_600dpi_geknipt-EB-HR.pdf
https://klompenpaden.nl/klompenpad/schaarsbergenpad;Schaarsbergenpad;schaarsbergenpad;14.09;https://klompenpaden.nl/wp-content/uploads/2022-06-02_2-A4-folder-Schaarsbergenpad-600.pdf
https://klompenpaden.nl/klompenpad/schaverensepad/;Schaverensepad;schaverensepad;10.82;https://klompenpaden.nl/wp-content/uploads/229-schaverensepad.pdf
https://klompenpaden.nl/klompenpad/schutpad/;Schutpad;schutpad;4.81;https://klompenpaden.nl/wp-content/uploads/Schutpad-digitale-folder.pdf
https://klompenpaden.nl/klompenpad/slagmaatpad/;Slagmaatpad;slagmaatpad;8.83;https://klompenpaden.nl/wp-content/uploads/Slagmaatpad-volwassen-versie-13-juni.pdf
https://klompenpaden.nl/klompenpad/slagmaatpad-kids/;Slagmaatpad kids;slagmaatpad-kids;8.81;https://klompenpaden.nl/wp-content/uploads/Slagmaatpad-KIDS-digitale-folder.pdf
https://klompenpaden.nl/klompenpad/snorrenhoefpad/;Snorrenhoefpad;snorrenhoefpad;10.32;https://klompenpaden.nl/wp-content/uploads/Snorrenhoefpad-web.pdf
https://klompenpaden.nl/klompenpad/speuldepad/;Speuldepad;speuldepad;23.64;https://klompenpaden.nl/wp-content/uploads/15-06-2020_Speuldepad_200dpi.pdf
https://klompenpaden.nl/klompenpad/staickheimerpad/;Staickheimerpad;staickheimerpad;22.12;https://klompenpaden.nl/wp-content/uploads/Staickheimerpad-digfolder-groot-LR.pdf
https://klompenpaden.nl/klompenpad/stoetwegenpad/;Stoetwegenpad;stoetwegenpad;15.19;https://klompenpaden.nl/wp-content/uploads/Stoetwegenpad-webversie.pdf
https://klompenpaden.nl/klompenpad/stoutenburgerpad/;Stoutenburgerpad;stoutenburgerpad;16.54;https://klompenpaden.nl/wp-content/uploads/Stoutenburgerpad-digitale-folder.pdf
;Stoutenburgpad;stoutenburgpad;5.38;
https://klompenpaden.nl/klompenpad/teisterbantpad;Teisterbantpad;teisterbantpad;17.33;https://klompenpaden.nl/wp-content/uploads/2020-04-08-Teisterbantpad_200dpi.pdf
https://klompenpaden.nl/klompenpad/terbroeksepad/;Terbroeksepad;terbroeksepad;19.14;https://klompenpaden.nl/wp-content/uploads/2022-03-02_Terbroeksepad_A4-folder-600.pdf
https://klompenpaden.nl/klompenpad/termatenpad/;Termatenpad;termatenpad;23.07;https://klompenpaden.nl/wp-content/uploads/Termatenpad-digitale-folder.pdf
https://klompenpaden.nl/klompenpad/teylingenpad/;Teylingenpad;teylingenpad;15.43;https://klompenpaden.nl/wp-content/uploads/Teylingenpad-digitale-folder.pdf
https://klompenpaden.nl/klompenpad/thornspiccerpad/;Thornspiccerpad;thornspiccerpad;24.2;https://klompenpaden.nl/wp-content/uploads/2021-07-22_Thornspiccerpad.pdf
https://klompenpaden.nl/klompenpad/tremelepad/;Tremelepad;tremelepad;13.88;https://klompenpaden.nl/wp-content/uploads/2022-06-17-Tremelepad-A4-folder-200.pdf
https://klompenpaden.nl/klompenpad/turfvelderpad/;Turfvelderpad;turfvelderpad;14.45;https://klompenpaden.nl/wp-content/uploads/2022-03-07-Turfvelderpad-A4-folder-600.pdf
https://klompenpaden.nl/klompenpad/tuylermarkerpad/;Tuylermarkerpad;tuylermarkerpad;11.89;https://klompenpaden.nl/wp-content/uploads/2018-11-12-Tuylermarkerpad_600dpi.pdf
;Uchtapad;uchtapad;19.64;
https://klompenpaden.nl/klompenpad/uddelermeerpad/;Uddelermeerpad;uddelermeerpad;18.72;https://klompenpaden.nl/wp-content/uploads/2020-06-23-Uddelermeerpad_200dpi.pdf
https://klompenpaden.nl/klompenpad/ugcheler-markepad/;Ugcheler Markepad;ugcheler-markepad;12.19;https://klompenpaden.nl/wp-content/uploads/2020-06-09_Ugcheler_Markepad_200dpi.pdf
https://klompenpaden.nl/klompenpad/valkschepad/;Valkschepad;valkschepad;13.84;https://klompenpaden.nl/wp-content/uploads/2021-06-08-Valkschepad_200dpi.pdf
https://klompenpaden.nl/klompenpad/veendijkpad/;Veendijkpad;veendijkpad;12;https://klompenpaden.nl/wp-content/uploads/Veendijkpad-omleiding.pdf
https://klompenpaden.nl/klompenpad/vosbergenpad/;Vosbergenpad;vosbergenpad;13.95;https://klompenpaden.nl/wp-content/uploads/2022-02-24Vosbergerpad_a4.pdf target=
https://klompenpaden.nl/klompenpad/vredelantsepad/;Vredelantsepad;vredelantsepad;10.66;https://klompenpaden.nl/wp-content/uploads/Vredelantsepadweb.pdf
https://klompenpaden.nl/klompenpad/vreepad/;Vreepad;vreepad;18.98;https://klompenpaden.nl/wp-content/uploads/2021-11-18-Vreepad-200dpi.pdf
https://klompenpaden.nl/klompenpad/vrijheijtpad/;Vrijheijtpad;vrijheijtpad;15.1;https://klompenpaden.nl/wp-content/uploads/2022-07-04-Vrijheijtpad-Digifolder-200.pdf
https://klompenpaden.nl/klompenpad/vurensche-polderpad/;Vurensche polderpad;vurensche-polderpad;21.77;https://klompenpaden.nl/wp-content/uploads/2021-12-23-Vurensche-Polderpad_tmp_dijkverzwaring_200dpi.pdf
https://klompenpaden.nl/klompenpad/vuylcoppad/;Vuylcoppad;vuylcoppad;11.17;https://klompenpaden.nl/wp-content/uploads/De-Blokhovense-Polder.pdf
https://klompenpaden.nl/klompenpad/wageningse-engpad/;Wageningse Engpad;wageningse-engpad;17.06;https://klompenpaden.nl/wp-content/uploads/2020-04-15-Wageningse-Engpad_200dpi.pdf
https://klompenpaden.nl/klompenpad/wageningse-engpad-kids/;Wageningse Engpad kids;wageningse-engpad-kids;4.21;https://klompenpaden.nl/wp-content/uploads/kaart-crop-Wageningse-Engpad-KIDS.pdf
https://klompenpaden.nl/klompenpad/wiseperpad/;Wiseperpad;wiseperpad;22.18;https://klompenpaden.nl/wp-content/uploads/2019-03-07-Wiseperpad_600dpi.pdf
https://klompenpaden.nl/klompenpad/woldermarkerpad/;Woldermarkerpad;woldermarkerpad;6.55;https://klompenpaden.nl/wp-content/uploads/230-woldermarkerpad.pdf
https://klompenpaden.nl/klompenpad/zandslagenpad/;Zandslagenpad;zandslagenpad;13.88;https://klompenpaden.nl/wp-content/uploads/2017-05-09-Zandslagenpad_Alemschepad_600dpi-1.pdf
https://klompenpaden.nl/klompenpad/zeegsepad/;Zeegsepad;zeegsepad;9.71;https://klompenpaden.nl/wp-content/uploads/2018-01-30-Zeegsepad_600dpi.pdf
https://klompenpaden.nl/klompenpad/zeldertsepad/;Zeldertsepad;zeldertsepad;11;https://klompenpaden.nl/wp-content/uploads/Zeldertsepad-digitale-folder.pdf
https://klompenpaden.nl/klompenpad/zoddenpad/;Zoddenpad;zoddenpad;17.13;https://klompenpaden.nl/wp-content/uploads/Tienhoven.pdf

